Hashtag,Count
13800ft,1
13976ft,1
13k,1
14000ft,3
14anhc,2
1970s,1
4400m,1
50thstate,4
808news,2
8in8in8,1
aaa2015,1
aaum,1
abh1965,1
aboveandbeyond,1
abovetheclouds,1
acceleratoronachip,1
actaysenelmundo,1
activism,1
activists,2
adventure,2
aerialphotography,1
aetmt,2
ahmedmohamed,1
aina,2
airbus,1
airto,1
akakafalls,1
akiba,2
akihabara,2
alanlakritz,2
album,1
ale,1
allredeye,1
allthebelts,1
aloha,19
alohaaina,15
alohaainaconnections,1
alohaainaoiaio,1
alohafriday,2
alohaina,1
alohakakahiaka,1
alohasciencefriday,2
alohaāina,1
alohaʻāina,5
altitude,1
amateurhouronthevolcano,1
andromeda,3
anekona,1
anonymousism,1
antrax,1
anuenue,1
aoletmt,24
apacheleap,1
apod,1
arduino,1
arianespace,1
arkema,1
arrests,1
art,5
artchangeus,1
asabovesobelow,4
asap,1
aspire2inspire,1
asteroids,1
astralphotography,1
astro,1
astrono,1
astronomical,1
astronomy,77
astronomynight,6
astroph,1
astrophysics,11
atardecer,1
awesomebumperstickers,1
b,1
balance,1
battle,1
battlephoto,1
beach,2
beaut,1
beautiful,1
beautifulday,1
beautifulhawaii,1
beautifulnight,1
beauty,1
beautyandabeast,1
bebetter,1
beer,4
belief,1
betheroad,1
bewareinvisiblecows,1
bicycleride,1
bigis,1
bigisland,102
bigislandbiketours,1
bigislandhawaii,3
bigislandlove,2
bigislandofhawaii,1
bikini,2
blacksands,1
blastfromthepast,1
blessed,3
blessings,1
bliss,1
blissinstinct,1
blissmoment,1
bloodmoon,1
blue,1
blueskies,1
bluesky,1
boardofdirectors,1
bored,1
bottle,1
bourse,2
breakingnews,1
breathtaking,2
brock,1
bsfc,1
buddha,1
buildtmt,82
cadrought,1
caloriferi,1
caminetti,1
canada,2
candycoloredsky,1
canoe,1
cardio,1
careful,1
cdnpoli,1
cellvizio,1
cfht,2
chile,2
chill,1
cindercones,2
civilization,1
clearnight,1
climbbabyclimb,1
cloud,1
clouds,3
clubdemamás,1
coconutisland,2
coexist,1
cold,2
colonialism,1
coloring,1
comet,1
communityengagement,1
completing,1
condemns,1
constantcontact,1
cop21,1
cosmosknows,1
court,1
craftbeer,1
creation,2
cropic,1
crosswalk,4
crosswalktuesdays,1
crowdfunding,1
cruise,1
culture,3
currentsituation,1
cybersecurity,1
d810,1
dandelion,1
danza,1
darkskiesmatter,1
dawn,1
deadly,1
decolonizeastronomy,1
defenders,1
denali,1
deniro雑貨,1
despertardeconsciencia,1
dessert,1
diabeloop,1
directaction,1
discovermorealoha,2
diversity,1
diversityjc,1
djmir,1
dlnr,7
doctorrennie,1
dope,1
dragonenergy,2
drums,1
dslr,1
dusk,2
ea,1
eaducation,1
eao,1
earlymorning,1
earth,2
earthmagic,1
ecology,1
edit,1
education,2
eerr,1
elevation,1
ellenguajesecretodelalma,1
emergencyrules,1
empire,1
enchanting,1
energylab,1
enfermedadesraras,1
england,1
environment,2
epic,1
equipment,1
everesting,2
evidence,1
explore,1
faafaite,1
facilites,1
fakeninja,1
fanexpocanada,2
fascinating,1
fashion,1
fbi,1
feet,1
film,1
fire,3
firstworldproblems,1
fish,1
food,1
forthelahui,1
france,1
fredrico,1
frenchflag,1
friendsforlife,1
fromtheairplane,1
fromwhereistand,1
fujifilm,1
fujix100s,1
fujixclub,1
fujixseries,1
fullmoon,2
future,1
galaxy,1
galileo,1
garden,1
gecina,1
geminiobservatory,2
geoengineering,1
geologyrocks,1
giant,1
giving,3
glacier,1
gmo,3
goingback,1
golf,2
golfboards,1
gonesinau,1
goodfriends,1
goodnews,1
goodtimes,1
gordonmoore,1
goswim,1
goswimming,1
gowikifresh,4
grateful,2
gratitude,3
greatoldsongs,1
greensands,1
greenwich,1
grounded,1
grounds,1
gunungklotok,1
h,1
h135,1
hailstorm,1
haleakala,7
halekūkiaʻimauna,1
halloween,2
halttmt,1
happygirl,1
hatecrime,1
hawa,1
hawaii,405
hawaiian,10
hawaiianlanguage,1
hawaiianrights,1
hawaiians,3
hawaiianstyle,1
hawaiiantime,3
hawaiilife,5
hawaiimtg,1
hawaiinews,1
hawaiiscape,1
hawaiivacation,1
hawaiivacationrentals,4
hawaiï,1
hawaiʻi,2
hawanerios,1
health,1
heavens,1
hehawaiiau,1
helicopter,1
hemp,1
hereonearth,1
hi,1
high,1
highcountry,1
highered,1
higov,8
hiking,2
hileg,6
hilife,1
hillsaremyfriend,1
hilo,26
hilobay,1
hilohawaii,4
himil,1
hina,1
hinews,34
hiro,1
hisovereignty,1
hnnsunrise,1
hokulea,2
hokuula,1
hole,1
holoholoku,1
hom,1
homesweethome,1
honolulu,2
hotel,1
hotelview,1
hpa,1
hpacampus,2
hpaenergylab,1
hpakamakani,2
hpc,1
hualal,1
hualalai,2
huffpohawaii,1
hulasis,1
humankind,1
idenomore,1
ig_kids,1
igdsme,1
iger,1
igers,1
iinstamood,1
ikwydls,1
iloa,1
imhawaii,1
imkona,2
imuatmt,33
imwc,1
indigenous,9
indigenouspeople,1
indigenousrising,3
injustice,1
innernemo,1
inquiry,1
insearchofup,1
instacool,1
instagood,2
instagramer,1
instahawaii,1
instamania,1
instapilot,1
instasize,1
intention,2
invalidated,1
invalidatesrule,1
ios,3
ironmanhawaii,1
ironmantri,1
irrational,1
island,2
islandhopping,1
islandliving,1
islandpilot,1
israel,1
istock,1
japan,1
japanese,2
jasonmomoa,2
jcmt,2
jobs,1
joerogan,1
johnnyfive,1
jojohendo,1
jre,1
jrhandmehawaii2015,2
judge,1
jwst,1
k,1
kailuakona,1
kalapana,1
kamehameha,1
kamuela,1
kanaoa,1
kapualoha,1
kauai,2
kauamakanoe,1
kauna,1
keck,2
keckobservatory,5
kecktelescopes,1
keepalohareal,4
keepkonacountry,1
keepth,1
keepthesacredsa,4
keepthesacredsac,2
keepthesacredsacr,4
keepthesacredsacred,23
kenshouseofpancakes,1
kgmb,1
kids,1
kilauea,1
kitv4sneakpeek,1
knowledge,1
kohala,2
kohalacoast,4
kompas,1
kona,9
kona2015,1
konablue,1
konacoast,1
kpsbigislandadventures,1
ktuh,2
kuching,1
kukia,1
kukiaimauna,59
kuleana,1
kūkiaʻimauna,9
kūpaʻa,2
l,2
la200,1
ladybug,1
lagardère,1
lagunabeach,1
lairdhamilton,1
landoffirea,1
landscape,1
lasttweet,1
latepost,1
latergram,1
lava,1
leiahuisa,1
lethawaiihappen,5
life,1
lifegoal,1
lifestyle,1
lightning,1
lilinoe,1
liliʻuokalani,1
livewaiakea,1
livingtothefullest,1
love,3
lowoxygen,1
luau,1
luckywelivehawaii,7
luckyweliveinhawa,1
lulz,1
luxury,3
luxuryhome,1
luxuryrentals,1
luxuryvacation,1
magic,1
magical,1
maitaitime,1
majestic,3
major,1
mamoa,2
manaloa,1
manawahine,1
manta,1
mantaray,1
mars,3
mathematician,1
maui,3
mauna,1
maunaawakea,1
maunacrosswalk,3
maunakea,1164
maunakeabeachhotel,2
maunakeabluffs,1
maunakeaobservatory,2
maunakeaprotectors,2
maunakeasummit,1
maunakeasunset,1
maunalani,2
maunaloa,15
maunamedia,1
maunamonday,1
maunawakea,1
me,1
mediation,1
meditation,1
mehana,1
mehanabrewingco,1
mejesticmountain,1
melange,2
melekalikimaka,1
mephisto,1
metaphysicist,2
milkyway,6
mochi,1
monday,1
money,1
moon,2
moore15,1
moorefound,1
moorefoundation,1
morning,1
mountain,6
mtfuji,1
mtvstars,1
museum,1
music,1
myth,1
nahko,2
nahkoandthemedicineforthepeople,1
nahkobear,1
nail,3
nailart,1
nails,2
nailstagram,3
namaste,1
namasteandshit,1
nasa,4
nasacool,1
nationalpark,1
native_hawaiians,1
native_rights,1
nativebrotha,1
nativelivesmatter,1
naturalwonders,1
nature,2
needtorest,1
newhorizons,2
newmoon,1
news,2
nextup,1
nexusphotoweek,1
nikon,2
nikond3300,1
noaloha,1
nofilter,6
noni,1
nopipelines,1
nosummitselfies,1
notmt,1
npr,1
oahu,6
oakflat,3
observa,1
observatory,5
observingrun,1
ocean,3
oceanfront,2
officeofhawaiianaffairs,1
oha,2
ohana,2
ohhello,1
oldmusic,1
onelove,1
onhawiiantime,1
ontopoftheworld,1
optumprocycling,1
pacific,1
pacificwavesconference,1
painting,1
paleale,1
palmtree,2
panorama,1
papahānaumoku,1
paradise,2
paris,2
parksandrec,1
past,1
peacelove,1
periscope,10
periscopeperiscopesummit,1
permit,1
philly,1
photo,2
photographer,3
photography,4
photographybykuehu,1
photooftheday,1
physics,14
picoftheday,1
piko,1
pilotlife,1
pink,1
pixlr,1
pleasehelp,2
pleaseretweet,1
pluto,2
pnw,1
poipu,1
poipubeach,1
poliahu,1
portearbebés,1
porteo,2
potus,1
powerspot,1
prayers,1
prayersforparis,1
praying,1
presun,2
productplacement,1
project,1
protecters,1
protectmaun,1
protectmaunake,1
protectmaunakea,82
protectsacredland,1
protectthesacred,1
protesters,1
protmt,1
puako,6
puakopattie,2
punaluu,1
puupehe,1
puʻuhuluhulu,1
pōhakuloa,1
quckstop,1
racist,1
rainbow,3
rainbowconnection,1
ranch,1
recording,1
release,2
religion,2
repost,1
research,1
respectthesacredsites,1
rfwya,1
richardsonbeach,1
ridemybicycle,1
road,1
roadcycling,2
royalobservatory,2
rush2015,1
sacred,9
sacred_lands,1
sacredlands,2
sacredmaunakea,1
sacredpeak,1
sacredsite,1
saddle,2
saddleroad,5
sanluispotosi,3
sanluispotosí,3
sanofi,1
savedelphine,1
savemaunakea,2
savetheelephants,1
science,48
sciencefriday,2
sciencerules,1
scuba2,1
sdstyle,1
sea,1
seamountain,1
seaturtles,1
sellyoak,1
shaddow,1
shaiisback,1
share_kago,1
sharetheland,1
shutdowntmt,2
sierranevada,1
signsbythesea,1
silly,1
silversword,1
sing,2
skateboarding,1
skull,1
sky,1
slack,1
slomo,1
snapseed,1
snow,5
soccer,1
sociétégénérale,3
socks,3
socksoutwednesday,1
soh,1
solidarity,1
sovereignty,1
space,4
spectator,1
sramroad,1
standard,1
standformaunakea,3
standingstrong,1
standtall,33
standwithhawaii,2
standwithshako,2
star,1
stargazing,4
stars,2
starstuff,1
statesupremecourt,1
stem,4
stemeducation,1
stephenking,1
sterrenkunde,1
stockphotos,1
stopdlnr,1
stopthebombing,1
stoptmt,2
storms,1
story,1
strongmountain,1
studio,1
stunning,1
style,1
subtropicalridge,1
suez,1
summer,1
summerofselflove,2
summit,3
summitofmaunakea,1
sun,2
sunday,1
sunflower,1
sunisout,1
sunny,1
sunr,1
sunrise,8
sunrisescope,1
sunset,33
sunsetporn,1
sunsets,1
supermoon,1
supernature,1
suppaddlingwastough,1
support,2
supportastronomy,1
supremecourt,3
sus,1
t,2
ta,1
tahiti,1
taller,1
tallerdedanza,3
tallereseducativos,1
tbt,3
techo,1
tecnoceramiche,1
telescope,17
telescopes,7
texas,1
tgif,1
thankfull,1
thanks,3
thanksgiving,2
the,1
thebigisland,9
themaunakeabeachhotel,3
themoon,1
thesteppas,1
thetravel,1
thetravell,1
thetraveller,1
thewalk,1
theweekly,2
thinair,1
thirty_meter_telescope,1
thirtymetertelescope,4
thisweekendsadventures,1
throwbackthursday,1
tidepool,1
tikitorch,1
timelaps,1
timelapse,1
tmt,106
tmthawaii,2
tmtnow,1
tmtscience,15
tmtshutdown,66
tnt,1
todayonthebike,1
toldwithexposure,1
topoftheworld,1
toronto,3
toxeth,1
tr,1
tradition,1
trainingmask,1
traum,1
travel,28
traveler,1
traveling,1
travelskills,1
trial,1
trs,1
trump2016,1
tsunami,1
ttot,23
tutonu,1
tylerroseswimwear,2
uhaul,1
uhhilo,2
uhmanoa,4
uhohana,1
ukulele,2
understanding,1
unistoten,1
unite,1
unity,1
universe,2
universitaskadiri,1
university,1
uranus,2
us,1
usa,3
uspoli,1
vacation,2
vacationbigisland,3
vegas,1
venturehawaii,1
vitaminsea,1
vivendi,1
vlog,1
vocation,2
volcan,1
volcano,10
volcanoes,2
voodoo,1
vsco,1
vscocam,1
vvsbe,1
w,2
wahine,1
waiaka,1
waialeabay,1
waianae,1
waiau,1
waikola,1
waikoloa,5
waimea,9
waipiovalley,1
wakea,1
wakeup,1
wander,1
warriorrising,1
wasjulimädchenebensolieben,1
water,1
watercolor,1
waterfalls,1
wear,1
weare,1
wearealoha,7
wearemaui,33
wearemaunakea,209
wearemaunkea,2
wearemusic,1
weareonthiscosmicalswissroll,1
weareperiscope,2
weather,1
werestillhere,1
westillhere,2
westside,1
wesuporttmt,3
wesupportmaunakea,1
wesupporttmt,95
whataview,1
whitehouse,1
whitemountain,3
wildlife,1
win,1
winning,1
winterwonderland,1
wiseed,1
witch,3
wmmr,1
wondersoftheuniverse,1
woodcarving,1
work,1
worldstallest,1
wow,1
wākea,1
yardwork,1
yearinreview,1
yellowflowers,1
yoga,4
yuyake_club,1
zevon,1
ānuenue,1
ʻonipaʻa,1
ʻāinaperspective,1
ひちょにっき,1
アート,1
インチキ,1
キャラネイル,1
ゴルフ,1
ネイル,2
ネイルアート,1
ネイルサロン,1
ホイル,1
マウナケア,3
マウナケアソックス,1
マウナケア秋葉原店,1
世界一周,1
世界５周,1
付け放題,1
写真,1
冬休み,1
埋め尽くし,1
大阪,1
手描き,1
旅行,1
痛ネイル,1
秋葉原,3
紺野千春,1
絶景,1
雑貨屋,1
雲の上,1
靴下,3
鹿屋,1
